<?xml version="1.0" encoding="UTF-8"?>
<!DOCTYPE mapper
        PUBLIC "-//mybatis.org//DTD Mapper 3.0//EN"
        "http://mybatis.org/dtd/mybatis-3-mapper.dtd">
<mapper namespace="com.example.demo.dao.AdminOperateLogDao">
    <select id="findAllLog" resultType="com.example.demo.model.AdminOperateLog">
        select *
        from LLDHL.adminOperateLog
    </select>

    <select id="findLogByAdminId" parameterType="Integer" resultType="com.example.demo.model.AdminOperateLog">
        select *
        from LLDHL.adminOperateLog
        where adminId = #{adminId};
    </select>

    <select id="findByOperateId" parameterType="Integer" resultType="com.example.demo.model.AdminOperateLog">
        select *
        from LLDHL.adminOperateLog
        where operateId = #{operateId};
    </select>

    <insert id="insertLog" parameterType="com.example.demo.model.AdminOperateLog">
        INSERT INTO LLDHL.adminOperateLog(adminId, requestMapping, date, operateIp, requestParameter,
                                          returnParameter)
        VALUES (#{adminId}, #{requestMapping}, #{date}, #{operateIp}, #{requestParameter},
                #{returnParameter})
    </insert>

</mapper>