<?xml version="1.0" encoding="UTF-8"?>
<!DOCTYPE mapper
        PUBLIC "-//mybatis.org//DTD Mapper 3.0//EN"
        "http://mybatis.org/dtd/mybatis-3-mapper.dtd">
<mapper namespace="com.example.demo.dao.NotificationDao">
    <select id="findNoticeByNoticeId" parameterType="Integer" resultType="com.example.demo.model.Notification">
        select *
        from LLDHL.notification
        where noticeId = #{noticeId};
    </select>

    <select id="findNoticeByReceiverId" parameterType="Integer" resultType="com.example.demo.model.Notification">
        select *
        from LLDHL.notification
        where receiverId = #{receiverId};
    </select>

    <insert id="insertNotice" parameterType="com.example.demo.model.Notification">
        INSERT INTO LLDHL.notification(noticeId, notifierId, receiverId, type, gmt_create, status, data)
        VALUES (#{noticeId}, #{notifierId}, #{receiverId}, #{type}, #{gmt_create}, #{status}, #{data})
    </insert>

    <delete id="deleteNotice" parameterType="Integer">
        DELETE
        FROM LLDHL.notification
        WHERE noticeId = #{noticeId};
    </delete>

    <update id="updateNotice" parameterType="com.example.demo.model.Notification">
        UPDATE LLDHL.notification
        SET notifierId =#{notifierId},
            receiverId =#{receiverId},
            type       =#{type},
            gmt_create =#{gmt_create},
            status     =#{status},
            data       =#{data}
        WHERE noticeId = #{noticeId}
    </update>

    <update id="setNoticeStatus" parameterType="com.example.demo.model.Notification">
        UPDATE LLDHL.notification
        SET status =#{status}
        WHERE noticeId = #{noticeId}
    </update>


</mapper>