<?xml version="1.0" encoding="UTF-8"?>
<!DOCTYPE mapper
        PUBLIC "-//mybatis.org//DTD Mapper 3.0//EN"
        "http://mybatis.org/dtd/mybatis-3-mapper.dtd">
<mapper namespace="com.example.demo.dao.UserDao">
    <select id="findUserByUserId" parameterType="Integer" resultType="com.example.demo.model.User">
        select *
        from LLDHL.user
        where id = #{id};
    </select>

    <select id="findUserByUserName" parameterType="String" resultType="com.example.demo.model.User">
        select *
        from LLDHL.user
        where name = #{name};
    </select>

    <insert id="insertUser" parameterType="com.example.demo.model.User">
        INSERT INTO LLDHL.user(name, password, sex, tel, email, headUrl, communityId, address, role)
        VALUES (#{name}, #{password}, #{sex}, #{tel}, #{email}, #{headUrl}, #{communityId}, #{address}, #{role})
    </insert>

    <delete id="deleteUser" parameterType="Integer">
        DELETE
        FROM LLDHL.user
        WHERE id = #{id};
    </delete>

    <update id="updateUser" parameterType="com.example.demo.model.User">
        UPDATE LLDHL.user
        SET name= #{name},
            password= #{password},
            sex= #{sex},
            tel= #{tel},
            email= #{email},
            headUrl= #{headUrl},
            communityId=#{communityId},
            address = #{address},
            role= #{role}
        WHERE id = #{id}
    </update>

</mapper>